{
  "feature_names": [
    "Temperature",
    "Humidity",
    "HeartRate",
    "SpO2",
    "HeatIndex"
  ],
  "mean": [
    34.135528564453125,
    59.602081298828125,
    133.17324829101562,
    95.24756622314453,
    41.82123565673828
  ],
  "std": [
    6.523475646972656,
    18.124425888061523,
    31.87995719909668,
    2.680279493331909,
    12.402053833007812
  ]
}